,Name,Torsional DOF,AutoDock Elements,B. E Kcal/mol
1,CID_3652,10,A C Cl OA N HD ,
2,CID_5064,6,A C HD OA N ,
3,CID_5988_sugar,13,C HD OA ,
4,CID_37542,6,A C HD OA N ,
5,CID_71826,9,A C Cl OA N HD ,
6,CID_100252,9,A C OA N P HD ,
7,CID_122108,15,A C OA N P HD ,
8,CID_124970,12,A C OA N P HD ,
9,CID_129235,8,A C OA N S HD ,
10,CID_192225_amino_sugar,5,C HD OA N ,
11,CID_362949,7,A C HD OA N ,
12,CID_439186_maltose,12,C HD OA ,
13,CID_451448,7,A C HD OA N ,
14,CID_451949,4,A C HD OA N ,
15,CID_452722,5,A C HD OA N ,
16,CID_460516,6,A C HD OA N ,
17,CID_6440764,12,A C OA N P Br HD ,
18,CID_6713992,6,A C HD OA N ,
19,CID_10220469,6,A C HD OA N ,
20,CID_11436477,6,A C HD OA N ,
21,CID_40629571,6,A C HD OA N ,
22,CID_45375808,12,A C F OA N P HD ,
23,CID_54759694,16,A C NA OA N P HD ,
24,CID_70989848,6,A C HD OA N ,
25,CID_76325303,12,A C NA OA N P HD ,
26,CID_90055716,12,A C Cl OA N P HD ,
27,CID_118596336,13,A C F NA OA N P HD ,
28,CID_121304016,17,A C NA OA N P HD ,
29,CID_137465280,12,A C F OA N P HD ,
30,CID_137490591,12,A C F NA OA N P HD ,
31,CID_137490593,12,A C F OA N P HD ,
32,CID_137509756,11,A C F OA N P HD ,
33,CID_137517260,12,A C F OA N P HD ,
34,CID_137517361,12,A C F OA N P HD ,
